{
  "1": {
    "id": 1,
    "name": "",
    "samples": {
      "words": 185
    },
    "loudness": {
      "p05": 0.5787804126739502,
      "p50": 0.7995603680610657,
      "p95": 1.0
    },
    "arousal": {
      "p05": 0.5820152044296265,
      "p50": 0.7164368033409119,
      "p95": 0.8809458613395689
    },
    "valence": {
      "low": 0.3691702663898468,
      "center": 0.5495995283126831,
      "high": 0.7071988701820373
    }
  },
  "10": {
    "id": 10,
    "name": "",
    "samples": {
      "words": 212
    },
    "loudness": {
      "p05": 0.6802279889583588,
      "p50": 0.8154145181179047,
      "p95": 0.9555463790893555
    },
    "arousal": {
      "p05": 0.5995846569538117,
      "p50": 0.7046901881694794,
      "p95": 0.8194448441267013
    },
    "valence": {
      "low": 0.33710579574108124,
      "center": 0.5341061055660248,
      "high": 0.6823296487331391
    }
  },
  "2": {
    "id": 2,
    "name": "",
    "samples": {
      "words": 300
    },
    "loudness": {
      "p05": 0.5560222685337066,
      "p50": 0.731288343667984,
      "p95": 0.9214498400688171
    },
    "arousal": {
      "p05": 0.4679203987121582,
      "p50": 0.6472534239292145,
      "p95": 0.8170779436826707
    },
    "valence": {
      "low": 0.3887307494878769,
      "center": 0.5683164894580841,
      "high": 0.7274770736694338
    }
  },
  "3": {
    "id": 3,
    "name": "",
    "samples": {
      "words": 205
    },
    "loudness": {
      "p05": 0.6902042388916015,
      "p50": 0.8342912793159485,
      "p95": 0.9660267472267151
    },
    "arousal": {
      "p05": 0.6007883787155152,
      "p50": 0.7252134084701538,
      "p95": 0.8554821491241456
    },
    "valence": {
      "low": 0.41801301240921024,
      "center": 0.5889565944671631,
      "high": 0.7424739956855774
    }
  },
  "4": {
    "id": 4,
    "name": "",
    "samples": {
      "words": 326
    },
    "loudness": {
      "p05": 0.14147621020674706,
      "p50": 0.6703940331935883,
      "p95": 0.9942001849412918
    },
    "arousal": {
      "p05": 0.6454955488443375,
      "p50": 0.7608931660652161,
      "p95": 0.8855061382055283
    },
    "valence": {
      "low": 0.34538817405700684,
      "center": 0.5178391933441162,
      "high": 0.6932916641235352
    }
  },
  "5": {
    "id": 5,
    "name": "",
    "samples": {
      "words": 320
    },
    "loudness": {
      "p05": 0.19260772839188575,
      "p50": 0.3556559681892395,
      "p95": 1.0
    },
    "arousal": {
      "p05": 0.6805339246988297,
      "p50": 0.8060459196567535,
      "p95": 0.9676667034626008
    },
    "valence": {
      "low": 0.3519926965236664,
      "center": 0.5153928399085999,
      "high": 0.6870905935764313
    }
  },
  "6": {
    "id": 6,
    "name": "",
    "samples": {
      "words": 231
    },
    "loudness": {
      "p05": 0.6424499750137329,
      "p50": 0.8517939448356628,
      "p95": 1.0
    },
    "arousal": {
      "p05": 0.503018319606781,
      "p50": 0.686861515045166,
      "p95": 0.8487928509712219
    },
    "valence": {
      "low": 0.3710927963256836,
      "center": 0.5561873912811279,
      "high": 0.7119259238243103
    }
  },
  "7": {
    "id": 7,
    "name": "",
    "samples": {
      "words": 241
    },
    "loudness": {
      "p05": 0.583220899105072,
      "p50": 0.8072275519371033,
      "p95": 1.0
    },
    "arousal": {
      "p05": 0.596290111541748,
      "p50": 0.7084314823150635,
      "p95": 0.8180058002471924
    },
    "valence": {
      "low": 0.4140312969684601,
      "center": 0.5917128920555115,
      "high": 0.7908499240875244
    }
  },
  "8": {
    "id": 8,
    "name": "",
    "samples": {
      "words": 238
    },
    "loudness": {
      "p05": 0.681997898221016,
      "p50": 0.8355686664581299,
      "p95": 0.9970025479793548
    },
    "arousal": {
      "p05": 0.562622481584549,
      "p50": 0.6433306336402893,
      "p95": 0.7770718336105347
    },
    "valence": {
      "low": 0.3781040817499161,
      "center": 0.5508821308612823,
      "high": 0.7332927107810974
    }
  },
  "9": {
    "id": 9,
    "name": "",
    "samples": {
      "words": 259
    },
    "loudness": {
      "p05": 0.7136871576309204,
      "p50": 0.8762100338935852,
      "p95": 1.0
    },
    "arousal": {
      "p05": 0.5824329257011414,
      "p50": 0.6938953399658203,
      "p95": 0.8063823342323303
    },
    "valence": {
      "low": 0.33702234625816346,
      "center": 0.5061976313591003,
      "high": 0.6796396732330322
    }
  }
}