{
  "target_wh": [
    1920,
    1080
  ],
  "top_bar": {
    "x": 0.26666666666666666,
    "y": 0.008333333333333333,
    "w": 0.46822916666666664,
    "h": 0.05925925925925926
  },
  "bottom_panel": {
    "x": 0.23802083333333332,
    "y": 0.7592592592592593,
    "w": 0.5244791666666667,
    "h": 0.23796296296296296
  },
  "player_slots": 10
}