{
  "target_wh": [
    1920,
    1080
  ],
  "n_rows": 5,
  "center_ratio": 0.5,
  "center_gap_ratio": 0.004,
  "row_pad_y_ratio": 0.04,
  "lr_pad_x_ratio": 0.01,
  "layout": {
    "L": {
      "slot_inner_pct": {
        "x": 0,
        "y": 0.0425531914893617,
        "w": 1.0,
        "h": 0.9574468085106383
      },
      "portrait_pct": {
        "x": 0.5030674846625767,
        "y": 0.08695652173913043,
        "w": 0.09611451942740286,
        "h": 0.9130434782608695
      },
      "nickname_pct": {
        "x": 0.6646216768916156,
        "y": 0.08695652173913043,
        "w": 0.20245398773006135,
        "h": 0.43478260869565216
      },
      "items_area_pct": {
        "x": 0.006134969325153374,
        "y": 0.2,
        "w": 0.35991820040899797,
        "h": 0.6222222222222222
      },
      "n_item_slots": 7,
      "has_trinket": true,
      "item_gap_ratio": 0.14199999999999996
    },
    "R": {
      "slot_inner_pct": {
        "x": 0.0,
        "y": 0.0425531914893617,
        "w": 1.0,
        "h": 0.9574468085106383
      },
      "portrait_pct": {
        "x": 0.40081799591002043,
        "y": 0.08695652173913043,
        "w": 0.09611451942740286,
        "h": 0.9130434782608695
      },
      "nickname_pct": {
        "x": 0.13292433537832316,
        "y": 0.08695652173913043,
        "w": 0.20245398773006135,
        "h": 0.43478260869565216
      },
      "items_area_pct": {
        "x": 0.6339468302658486,
        "y": 0.2,
        "w": 0.35991820040899797,
        "h": 0.6222222222222222
      },
      "n_item_slots": 7,
      "has_trinket": true,
      "item_gap_ratio": 0.14199999999999996
    }
  },
  "top_layout": {
    "teamL_pct": {
      "x": 0.0867630700778643,
      "y": 0.171875,
      "w": 0.14015572858731926,
      "h": 0.34375
    },
    "teamR_pct": {
      "x": 0.7730812013348165,
      "y": 0.171875,
      "w": 0.14015572858731926,
      "h": 0.34375
    },
    "league_pct": {
      "x": 0.44,
      "y": 0.0,
      "w": 0.12,
      "h": 1.0
    },
    "leagueL_pct": {
      "x": 0.0878754171301446,
      "y": 0.546875,
      "w": 0.03781979977753059,
      "h": 0.3125
    },
    "leagueR_pct": {
      "x": 0.8498331479421579,
      "y": 0.5625,
      "w": 0.03670745272525028,
      "h": 0.28125
    }
  }
}