{
  "target_wh": [
    1920,
    1080
  ],
  "layout": {
    "L": {
      "slot_inner_pct": {
        "x": 0.98989898989899,
        "y": 0.015503875968992248,
        "w": 0.010101010101010055,
        "h": 0.1744186046511628
      },
      "portrait_pct": {
        "x": 0.0,
        "y": 0.1,
        "w": 0.22,
        "h": 0.8
      },
      "nickname_pct": {
        "x": 0.24,
        "y": 0.0,
        "w": 0.75,
        "h": 0.35
      },
      "items_area_pct": {
        "x": 0.24,
        "y": 0.4,
        "w": 0.75,
        "h": 0.55
      },
      "n_item_slots": 6,
      "has_trinket": true,
      "item_gap_ratio": 0.01
    },
    "R": {
      "slot_inner_pct": {
        "x": 0.0,
        "y": 0.015503875968992248,
        "w": 0.010101010101010055,
        "h": 0.1744186046511628
      },
      "portrait_pct": {
        "x": 0.78,
        "y": 0.1,
        "w": 0.22,
        "h": 0.8
      },
      "nickname_pct": {
        "x": 0.010000000000000009,
        "y": 0.0,
        "w": 0.75,
        "h": 0.35
      },
      "items_area_pct": {
        "x": 0.010000000000000009,
        "y": 0.4,
        "w": 0.75,
        "h": 0.55
      },
      "n_item_slots": 6,
      "has_trinket": true,
      "item_gap_ratio": 0.01
    }
  }
}